Broz & Hoez,Smith,60,Salt,Raiders,Beowolf,Harrison Ford
Bashar Al-Assad and the Baghdad Boys,Joseph Smith,20 minutes,Salt,Raiders,Beowulf,Utah
Banner Elk Fellows,Joseph Smith,20,salt,raiders,beowulf,Colonizers/ white people
Team Half a Brain,Frances,75 min,Mountains,Buckaneers,Romeo and Juliet,Italy
Compact Carrs,Joseph Smith,60,Salt,Raiders,Beowulf,Indiana Jones
Erin & emma,Joseph smith,60,Salt,Raiders,Beowulf,Angelina Jolie movies
Barely Legal,Joseph Smith,Sixty Minutes,Salt,Raiders,Beowolf,Angelina Jolie movies
Emma and the Post,Joseph Smith,60 minutes,salt,Raiders,Beowulf,Indiana Jones
SATAN'S BUTTHOLE,Joseph Smith,60,Salt,The Raiders,Beowulf,Angelina Jolie
The First Ladies,Joesph Smith,60,salt,Raiders,Beowulf,
Brewdaddy and Maddie,Joseph Smith,60,salt,Raiders,Beowolf,Deal with units of measure
